Workbook

Sheet RE_E_merge_1_87
A1: ID | B1: sex | C1: group | D1: session | E1: modality | F1: block | G1: ref_frame | H1: ref_ms | I1: prod_int | J1: cued_internally | K1: fulltime
A2: E1 | B2: =VLOOKUP(A2, id_sex_group!A:C, 2, FALSE) -> female | C2: =VLOOKUP(A2, id_sex_group!A:C, 3, FALSE) -> normal | D2: 1 | E2: visual | F2: 1 | G2: 39 | H2: 0.65039549116 | I2: 0.766393106431 | J2: cued | K2: 776.463001732
A3: E1 | B3: =VLOOKUP(A3, id_sex_group!A:C, 2, FALSE) -> female | C3: =VLOOKUP(A3, id_sex_group!A:C, 3, FALSE) -> normal | D3: 1 | E3: visual | F3: 1 | G3: 39 | H3: 0.65064295847 | I3: 0.833040734753 | J3: cued | K3: 776.463001732
A4: E1 | B4: =VLOOKUP(A4, id_sex_group!A:C, 2, FALSE) -> female | C4: =VLOOKUP(A4, id_sex_group!A:C, 3, FALSE) -> normal | D4: 1 | E4: visual | F4: 1 | G4: 39 | H4: 0.650840931572 | I4: 0.699127096683 | J4: cued | K4: 776.463001732
A5: E1 | B5: =VLOOKUP(A5, id_sex_group!A:C, 2, FALSE) -> female | C5: =VLOOKUP(A5, id_sex_group!A:C, 3, FALSE) -> normal | D5: 1 | E5: visual | F5: 1 | G5: 39 | H5: 0.650330638513 | I5: 0.833991347812 | J5: cued | K5: 776.463001732
A6: E1 | B6: =VLOOKUP(A6, id_sex_group!A:C, 2, FALSE) -> female | C6: =VLOOKUP(A6, id_sex_group!A:C, 3, FALSE) -> normal | D6: 1 | E6: visual | F6: 1 | G6: 39 | H6: 0.650290247053 | I6: 0.733360564336 | J6: cued | K6: 776.463001732
A7: E1 | B7: =VLOOKUP(A7, id_sex_group!A:C, 2, FALSE) -> female | C7: =VLOOKUP(A7, id_sex_group!A:C, 3, FALSE) -> normal | D7: 1 | E7: visual | F7: 1 | G7: 39 | H7: 0.650290247053 | I7: 0.8165219035 | J7: internal | K7: 776.463001732
A8: E1 | B8: =VLOOKUP(A8, id_sex_group!A:C, 2, FALSE) -> female | C8: =VLOOKUP(A8, id_sex_group!A:C, 3, FALSE) -> normal | D8: 1 | E8: visual | F8: 1 | G8: 39 | H8: 0.650290247053 | I8: 0.866326432675 | J8: internal | K8: 776.463001732
A9: E1 | B9: =VLOOKUP(A9, id_sex_group!A:C, 2, FALSE) -> female | C9: =VLOOKUP(A9, id_sex_group!A:C, 3, FALSE) -> normal | D9: 1 | E9: visual | F9: 1 | G9: 39 | H9: 0.650290247053 | I9: 0.833482761867 | J9: internal | K9: 776.463001732
A10: E1 | B10: =VLOOKUP(A10, id_sex_group!A:C, 2, FALSE) -> female | C10: =VLOOKUP(A10, id_sex_group!A:C, 3, FALSE) -> normal | D10: 1 | E10: visual | F10: 1 | G10: 39 | H10: 0.650290247053 | I10: 0.750407893211 | J10: internal | K10: 776.463001732
A11: E1 | B11: =VLOOKUP(A11, id_sex_group!A:C, 2, FALSE) -> female | C11: =VLOOKUP(A11, id_sex_group!A:C, 3, FALSE) -> normal | D11: 1 | E11: visual | F11: 1 | G11: 39 | H11: 0.650290247053 | I11: 0.916992261074 | J11: internal | K11: 776.463001732
A12: E1 | B12: =VLOOKUP(A12, id_sex_group!A:C, 2, FALSE) -> female | C12: =VLOOKUP(A12, id_sex_group!A:C, 3, FALSE) -> normal | D12: 1 | E12: visual | F12: 2 | G12: 111 | H12: 1.85029172618 | I12: 1.69990988821 | J12: cued | K12: 776.463001732
A13: E1 | B13: =VLOOKUP(A13, id_sex_group!A:C, 2, FALSE) -> female | C13: =VLOOKUP(A13, id_sex_group!A:C, 3, FALSE) -> normal | D13: 1 | E13: visual | F13: 2 | G13: 111 | H13: 1.85017794836 | I13: 1.61583149992 | J13: cued | K13: 776.463001732
... A9841: E87 | B9841: =VLOOKUP(A9841, id_sex_group!A:C, 2, FALSE) -> female | C9841: =VLOOKUP(A9841, id_sex_group!A:C, 3, FALSE) -> normal | D9841: 1 | E9841: visual | F9841: 12 | G9841: 111 | H9841: 1.85041062348 | I9841: 1.61625589058 | J9841: internal | K9841: 929.163333736

Sheet id_sex_group
A1: Kód | B1: Nem | C1: csoport
A2: E1 | B2: female | C2: normal
A3: E2 | B3: male | C3: normal
A4: E3 | B4: female | C4: normal
A5: E4 | B5: female | C5: sz_hr
A6: E5 | B6: female | C6: normal
A7: E6 | B7: female | C7: sz_hr
A8: E7 | B8: male | C8: normal
A9: E8 | B9: male | C9: bp_hr
A10: E9 | B10: male | C10: bp_hr
A11: E10 | B11: male | C11: sz_hr
A12: E11 | B12: female | C12: sz_hr
... A88: E87 | B88: female | C88: normal
